origem_fecha,alvo_fecha,h,variedade,previsto,lo60,hi60,lo80,hi80,igpdi_base,spec
2026-07-25,2026-08-01,1,arra_15,14.4,13.7,15.1,,,1202.299,NHITS+XGB univariado h=6
2026-07-25,2026-08-01,1,vitoria,8.195,7.77,8.62,,,1202.299,NHITS+XGB univariado h=6
2026-08-01,2026-08-08,1,arra_15,14.2737,13.6301,14.9173,13.4583,15.0891,1202.299,NHITS+XGB univariado h=6
2026-08-01,2026-08-08,1,vitoria,8.5114,8.1018,8.9211,7.8085,9.2144,1202.299,NHITS+XGB univariado h=6
2026-08-08,2026-08-15,1,arra_15,13.3274,12.8663,13.7884,12.4558,14.1989,1192.015,NHITS+XGB univariado h=6
2026-08-01,2026-08-15,2,arra_15,14.239,13.4815,14.9965,12.5902,15.8878,1202.299,NHITS+XGB univariado h=6
2026-08-08,2026-08-15,1,vitoria,7.8606,7.3279,8.3933,6.9164,8.8047,1192.015,NHITS+XGB univariado h=6
2026-08-01,2026-08-15,2,vitoria,8.3559,7.6264,9.0854,7.2505,9.4613,1202.299,NHITS+XGB univariado h=6
2026-08-15,2026-08-22,1,arra_15,11.914,11.3224,12.5056,11.021,12.8071,1192.015,NHITS+XGB univariado h=6
2026-08-08,2026-08-22,2,arra_15,13.3972,12.6576,14.1368,12.0424,14.7521,1192.015,NHITS+XGB univariado h=6
2026-08-01,2026-08-22,3,arra_15,14.1758,13.007,15.3445,12.5257,15.8258,1202.299,NHITS+XGB univariado h=6
2026-08-15,2026-08-22,1,vitoria,8.2355,7.885,8.586,7.6517,8.8193,1192.015,NHITS+XGB univariado h=6
2026-08-08,2026-08-22,2,vitoria,7.9714,6.9263,9.0165,6.5475,9.3952,1192.015,NHITS+XGB univariado h=6
2026-08-01,2026-08-22,3,vitoria,8.4977,7.3535,9.642,6.9697,10.0257,1202.299,NHITS+XGB univariado h=6
2026-08-22,2026-08-29,1,arra_15,11.0203,10.4687,11.5718,10.1145,11.926,1192.015,NHITS+XGB univariado h=6
2026-08-15,2026-08-29,2,arra_15,11.5467,10.5129,12.5805,10.3469,12.7465,1192.015,NHITS+XGB univariado h=6
2026-08-08,2026-08-29,3,arra_15,13.1618,12.4276,13.8959,11.5469,14.7767,1192.015,NHITS+XGB univariado h=6
2026-08-01,2026-08-29,4,arra_15,13.7453,12.5499,14.9407,11.8564,15.6342,1202.299,NHITS+XGB univariado h=6
2026-08-22,2026-08-29,1,vitoria,7.9,7.5177,8.2824,7.3872,8.4129,1192.015,NHITS+XGB univariado h=6
2026-08-15,2026-08-29,2,vitoria,8.3834,7.6104,9.1564,7.3799,9.3869,1192.015,NHITS+XGB univariado h=6
2026-08-08,2026-08-29,3,vitoria,8.261,7.2343,9.2876,6.7032,9.8187,1192.015,NHITS+XGB univariado h=6
2026-08-01,2026-08-29,4,vitoria,8.7216,7.6084,9.8348,7.0817,10.3615,1202.299,NHITS+XGB univariado h=6
2026-08-29,2026-09-05,1,arra_15,10.4698,9.8837,11.0559,9.7043,11.2352,1192.015,NHITS+XGB univariado h=6
2026-08-22,2026-09-05,2,arra_15,10.0992,9.1701,11.0282,9.0037,11.1946,1192.015,NHITS+XGB univariado h=6
2026-08-15,2026-09-05,3,arra_15,11.1175,10.0419,12.1931,9.7265,12.5086,1192.015,NHITS+XGB univariado h=6
2026-08-08,2026-09-05,4,arra_15,12.9822,11.8844,14.0799,11.0419,14.9224,1192.015,NHITS+XGB univariado h=6
2026-08-01,2026-09-05,5,arra_15,13.7132,12.526,14.9005,11.0688,16.3577,1202.299,NHITS+XGB univariado h=6
2026-08-29,2026-09-05,1,vitoria,8.2777,7.8832,8.6722,7.6272,8.9283,1192.015,NHITS+XGB univariado h=6
2026-08-22,2026-09-05,2,vitoria,8.1389,7.5025,8.7754,7.0202,9.2577,1192.015,NHITS+XGB univariado h=6
2026-08-15,2026-09-05,3,vitoria,8.4758,7.4809,9.4707,6.9793,9.9723,1192.015,NHITS+XGB univariado h=6
2026-08-08,2026-09-05,4,vitoria,8.4058,7.1602,9.6514,6.7276,10.084,1192.015,NHITS+XGB univariado h=6
2026-08-01,2026-09-05,5,vitoria,9.0738,7.8743,10.2733,7.2098,10.9378,1202.299,NHITS+XGB univariado h=6
2026-08-29,2026-09-12,2,arra_15,10.4536,9.6888,11.2183,9.3109,11.5962,1192.015,NHITS+XGB univariado h=6
2026-08-22,2026-09-12,3,arra_15,10.1391,8.9345,11.3437,8.099,12.1792,1192.015,NHITS+XGB univariado h=6
2026-08-15,2026-09-12,4,arra_15,11.0944,10.1694,12.0195,8.708,13.4808,1192.015,NHITS+XGB univariado h=6
2026-08-08,2026-09-12,5,arra_15,12.4853,11.2609,13.7097,10.1635,14.807,1192.015,NHITS+XGB univariado h=6
2026-08-01,2026-09-12,6,arra_15,13.1271,11.5677,14.6865,10.594,15.6601,1202.299,NHITS+XGB univariado h=6
2026-08-29,2026-09-12,2,vitoria,8.1518,7.4806,8.8231,7.2369,9.0668,1192.015,NHITS+XGB univariado h=6
2026-08-22,2026-09-12,3,vitoria,8.3611,7.4667,9.2556,7.1193,9.603,1192.015,NHITS+XGB univariado h=6
2026-08-15,2026-09-12,4,vitoria,8.7271,7.6885,9.7657,7.419,10.0352,1192.015,NHITS+XGB univariado h=6
2026-08-08,2026-09-12,5,vitoria,8.7192,7.6065,9.832,7.0961,10.3424,1192.015,NHITS+XGB univariado h=6
2026-08-01,2026-09-12,6,vitoria,9.1107,7.8508,10.3707,7.4733,10.7481,1202.299,NHITS+XGB univariado h=6
2026-08-29,2026-09-19,3,arra_15,9.8218,8.7555,10.888,8.2195,11.424,1192.015,NHITS+XGB univariado h=6
2026-08-22,2026-09-19,4,arra_15,9.8687,8.3722,11.3652,8.156,11.5814,1192.015,NHITS+XGB univariado h=6
2026-08-15,2026-09-19,5,arra_15,11.03,9.8167,12.2434,8.4823,13.5777,1192.015,NHITS+XGB univariado h=6
2026-08-08,2026-09-19,6,arra_15,12.026,10.6512,13.4008,9.6396,14.4123,1192.015,NHITS+XGB univariado h=6
2026-08-29,2026-09-19,3,vitoria,8.5096,7.467,9.5522,7.0305,9.9887,1192.015,NHITS+XGB univariado h=6
2026-08-22,2026-09-19,4,vitoria,8.6754,7.4946,9.8561,7.1919,10.1588,1192.015,NHITS+XGB univariado h=6
2026-08-15,2026-09-19,5,vitoria,8.5466,7.4278,9.6655,6.9229,10.1703,1192.015,NHITS+XGB univariado h=6
2026-08-08,2026-09-19,6,vitoria,9.2829,7.5693,10.9966,7.3184,11.2475,1192.015,NHITS+XGB univariado h=6
2026-08-29,2026-09-26,4,arra_15,10.2141,9.0388,11.3893,8.5962,11.8319,1192.015,NHITS+XGB univariado h=6
2026-08-22,2026-09-26,5,arra_15,9.8853,8.624,11.1467,7.928,11.8426,1192.015,NHITS+XGB univariado h=6
2026-08-15,2026-09-26,6,arra_15,10.7395,9.7117,11.7673,8.3926,13.0865,1192.015,NHITS+XGB univariado h=6
2026-08-29,2026-09-26,4,vitoria,8.7397,7.71,9.7695,7.2815,10.198,1192.015,NHITS+XGB univariado h=6
2026-08-22,2026-09-26,5,vitoria,8.9196,7.7613,10.078,7.2356,10.6037,1192.015,NHITS+XGB univariado h=6
2026-08-15,2026-09-26,6,vitoria,9.0688,7.6833,10.4543,7.4951,10.6425,1192.015,NHITS+XGB univariado h=6
2026-08-29,2026-10-03,5,arra_15,9.7197,8.5844,10.8551,7.6678,11.7717,1192.015,NHITS+XGB univariado h=6
2026-08-22,2026-10-03,6,arra_15,9.7297,8.1912,11.2682,7.7772,11.6823,1192.015,NHITS+XGB univariado h=6
2026-08-29,2026-10-03,5,vitoria,8.8592,7.6447,10.0737,7.2236,10.4948,1192.015,NHITS+XGB univariado h=6
2026-08-22,2026-10-03,6,vitoria,9.2007,7.8959,10.5054,7.0846,11.3167,1192.015,NHITS+XGB univariado h=6
2026-08-29,2026-10-10,6,arra_15,9.7822,8.3902,11.1743,7.2813,12.2832,1192.015,NHITS+XGB univariado h=6
2026-08-29,2026-10-10,6,vitoria,9.2785,7.9743,10.5828,7.6744,10.8827,1192.015,NHITS+XGB univariado h=6
